Año,Lote,Tipo de Hidrocarburo,Producción,Inversion,Regalia,Canon,Reservas Probadas (P1),Reservas Probables (P2),Reservas Posibles (P3),Reservas Totales (3P),Recursos Contingentes (2C),Recursos Prospectivos (2U)
2021,I,Petróleo,536.7068493150684,,,,,,,,,
2021,II,Petróleo,384.145205479452,,,,,,,,,
2021,III,Petróleo,527.0630136986301,,,,,,,,,
2021,IV,Petróleo,1892.284931506849,,,,,,,,,
2021,V,Petróleo,93.3972602739726,,,,,,,,,
2021,VII/VI,Petróleo,3935.87397260274,,,,,,,,,
2021,VI,Petróleo,0.0,,,,,,,,,
2021,VII,Petróleo,0.0,,,,,,,,,
2021,IX,Petróleo,155.013698630137,,,,,,,,,
2021,X,Petróleo,12075.69589041096,,,,,,,,,
2021,XIII,Petróleo,1180.093150684932,,,,,,,,,
2021,XV,Petróleo,29.5972602739726,,,,,,,,,
2021,XX,Petróleo,11.84383561643836,,,,,,,,,
2021,Z-69,Petróleo,5836.819178082192,,,,,,,,,
2021,Z-6,Petróleo,0.0,,,,,,,,,
2021,Z-1,Petróleo,0.0,,,,,,,,,
2021,192,Petróleo,0.0,,,,,,,,,
2021,8,Petróleo,0.0,,,,,,,,,
2021,67,Petróleo,1415.641095890411,,,,,,,,,
2021,95,Petróleo,8846.912328767123,,,,,,,,,
2021,131,Petróleo,1469.734246575342,,,,,,,,,
2021,Z-69,LGN,767.1917808219179,,,,,,,,,
2021,31-C,LGN,227.5150684931507,,,,,,,,,
2021,88,LGN,49568.44109589041,,,,,,,,,
2021,57,LGN,7773.71506849315,,,,,,,,,
2021,56,LGN,22780.12328767123,,,,,,,,,
2021,I,Gas,3.15037914,,,,,,,,,
2021,II,Gas,0.8064836832876711,,,,,,,,,
2021,III,Gas,0.0,,,,,,,,,
2021,IV,Gas,0.8034629249315071,,,,,,,,,
2021,VII/VI,Gas,3.698008219178082,,,,,,,,,
2021,VI,Gas,0.0,,,,,,,,,
2021,X,Gas,14.57310136986301,,,,,,,,,
2021,XIII,Gas,12.08888145506849,,,,,,,,,
2021,Z-69,Gas,9.433849075616438,,,,,,,,,
2021,88,Gas,689.9719025347945,,,,,,,,,
2021,56,Gas,242.0166717838356,,,,,,,,,
2021,57,Gas,116.9697187978082,,,,,,,,,
2021,31-C,Gas,7.009493095342465,,,,,,,,,
2022,I,Petróleo,502.7835616438356,,,,,,,,,
2022,II,Petróleo,421.1315068493151,,,,,,,,,
2022,III,Petróleo,626.758904109589,,,,,,,,,
2022,IV,Petróleo,2334.419178082192,,,,,,,,,
2022,V,Petróleo,104.9698630136986,,,,,,,,,
2022,VII/VI,Petróleo,3563.298630136987,,,,,,,,,
2022,VI,Petróleo,0.0,,,,,,,,,
2022,VII,Petróleo,0.0,,,,,,,,,
2022,IX,Petróleo,153.2767123287671,,,,,,,,,
2022,X,Petróleo,11369.40821917808,,,,,,,,,
2022,XIII,Petróleo,1793.452054794521,,,,,,,,,
2022,XV,Petróleo,28.12054794520548,,,,,,,,,
2022,XX,Petróleo,10.53972602739726,,,,,,,,,
2022,Z-69,Petróleo,5306.819178082192,,,,,,,,,
2022,Z-6,Petróleo,0.0,,,,,,,,,
2022,Z-1,Petróleo,0.0,,,,,,,,,
2022,192,Petróleo,0.0,,,,,,,,,
2022,8,Petróleo,0.0,,,,,,,,,
2022,67,Petróleo,1004.435616438356,,,,,,,,,
2022,95,Petróleo,12075.23835616438,,,,,,,,,
2022,131,Petróleo,1243.605479452055,,,,,,,,,
2022,Z-69,LGN,618.3506849315069,,,,,,,,,
2022,31-C,LGN,227.4383561643835,,,,,,,,,
2022,88,LGN,49561.48219178082,,,,,,,,,
2022,57,LGN,10552.79726027397,,,,,,,,,
2022,56,LGN,15706.16164383562,,,,,,,,,
2022,I,Gas,2.708170969041096,,,,,,,,,
2022,II,Gas,1.336551512328767,,,,,,,,,
2022,III,Gas,0.0,,,,,,,,,
2022,IV,Gas,1.907066390136986,,,,,,,,,
2022,VII/VI,Gas,3.609095890410959,,,,,,,,,
2022,VI,Gas,0.0,,,,,,,,,
2022,X,Gas,14.71235342465753,,,,,,,,,
2022,XIII,Gas,18.92109774465753,,,,,,,,,
2022,Z-69,Gas,10.99744525452055,,,,,,,,,
2022,88,Gas,785.1503537509591,,,,,,,,,
2022,56,Gas,318.8610728284931,,,,,,,,,
2022,57,Gas,157.5624288542466,,,,,,,,,
2022,31-C,Gas,10.25465486273973,,,,,,,,,
2023,I,Petróleo,472.1616438356164,,,,,,,,,
2023,II,Petróleo,371.9424657534246,,,,,,,,,
2023,III,Petróleo,1608.654794520548,,,,,,,,,
2023,IV,Petróleo,2404.33698630137,,,,,,,,,
2023,V,Petróleo,78.79452054794521,,,,,,,,,
2023,VII/VI,Petróleo,2236.879452054794,,,,,,,,,
2023,VI,Petróleo,372.8438356164384,,,,,,,,,
2023,VII,Petróleo,159.9835616438356,,,,,,,,,
2023,IX,Petróleo,153.1150684931507,,,,,,,,,
2023,X,Petróleo,9735.076712328768,,,,,,,,,
2023,XIII,Petróleo,1356.843835616438,,,,,,,,,
2023,XV,Petróleo,24.95068493150685,,,,,,,,,
2023,XX,Petróleo,10.09041095890411,,,,,,,,,
2023,Z-69,Petróleo,4637.512328767124,,,,,,,,,
2023,Z-6,Petróleo,0.0,,,,,,,,,
2023,Z-1,Petróleo,0.0,,,,,,,,,
2023,192,Petróleo,0.0,,,,,,,,,
2023,8,Petróleo,0.0,,,,,,,,,
2023,67,Petróleo,54.87397260273973,,,,,,,,,
2023,95,Petróleo,14139.44109589041,,,,,,,,,
2023,131,Petróleo,877.8767123287671,,,,,,,,,
2023,Z-69,LGN,529.3068493150685,,,,,,,,,
2023,31-C,LGN,160.9506849315069,,,,,,,,,
2023,88,LGN,49459.31506849315,,,,,,,,,
2023,57,LGN,12411.72602739726,,,,,,,,,
2023,56,LGN,13851.11780821918,,,,,,,,,
2023,I,Gas,2.651337652328767,,,,,,,,,
2023,II,Gas,1.617361592876712,,,,,,,,,
2023,III,Gas,0.0,,,,,,,,,
2023,IV,Gas,3.143027006849315,,,,,,,,,
2023,VII/VI,Gas,2.18598904109589,,,,,,,,,
2023,VI,Gas,0.5716506509589041,,,,,,,,,
2023,X,Gas,13.80740547945206,,,,,,,,,
2023,XIII,Gas,27.85456351479452,,,,,,,,,
2023,Z-69,Gas,12.48327209589041,,,,,,,,,
2023,88,Gas,842.8840615334244,,,,,,,,,
2023,56,Gas,303.8292090084931,,,,,,,,,
2023,57,Gas,192.3476815539726,,,,,,,,,
2023,31-C,Gas,12.34538938931507,,,,,,,,,
2024,I,Petróleo,468.7486338797814,,,,,,,,,
2024,II,Petróleo,389.6693989071038,,,,,,,,,
2024,III,Petróleo,1673.51912568306,,,,,,,,,
2024,IV,Petróleo,2539.450819672131,,,,,,,,,
2024,V,Petróleo,112.2704918032787,,,,,,,,,
2024,VII/VI,Petróleo,17.89071038251366,,,,,,,,,
2024,VI,Petróleo,1746.010928961749,,,,,,,,,
2024,VII,Petróleo,961.2295081967213,,,,,,,,,
2024,IX,Petróleo,152.6584699453552,,,,,,,,,
2024,X,Petróleo,8033.614754098361,,,,,,,,,
2024,XIII,Petróleo,1131.142076502732,,,,,,,,,
2024,XV,Petróleo,20.11748633879781,,,,,,,,,
2024,XX,Petróleo,12.12568306010929,,,,,,,,,
2024,Z-69,Petróleo,4507.601092896175,,,,,,,,,
2024,Z-6,Petróleo,0.0,,,,,,,,,
2024,Z-1,Petróleo,526.5956284153006,,,,,,,,,
2024,192,Petróleo,0.0,,,,,,,,,
2024,8,Petróleo,95.81420765027322,,,,,,,,,
2024,67,Petróleo,0.0,,,,,,,,,
2024,95,Petróleo,17474.96448087432,,,,,,,,,
2024,131,Petróleo,767.7650273224044,,,,,,,,,
2024,Z-69,LGN,601.396174863388,,,,,,,,,
2024,31-C,LGN,80.61748633879782,,,,,,,,,
2024,88,LGN,49993.55464480874,,,,,,,,,
2024,57,LGN,15007.18306010929,,,,,,,,,
2024,56,LGN,12466.68306010929,,,,,,,,,
2024,I,Gas,2.474320721857923,,,,,,,,,
2024,II,Gas,0.8980967267759562,,,,,,,,,
2024,III,Gas,0.60381157568306,,,,,,,,,
2024,IV,Gas,2.587496362021858,,,,,,,,,
2024,VII/VI,Gas,0.0,,,,,,,,,
2024,VI,Gas,3.219708779234972,,,,,,,,,
2024,X,Gas,12.13950819672131,,,,,,,,,
2024,XIII,Gas,26.89423200928962,,,,,,,,,
2024,Z-69,Gas,9.193507756284152,,,,,,,,,
2024,88,Gas,807.1758393234971,,,,,,,,,
2024,56,Gas,290.4841261975409,,,,,,,,,
2024,57,Gas,232.6594926494535,,,,,,,,,
2024,31-C,Gas,6.963138797267759,,,,,,,,,
2025,I,Petróleo,510.4696132596685,,,,,,,,,
2025,II,Petróleo,320.2044198895028,,,,,,,,,
2025,III,Petróleo,2058.795580110497,,,,,,,,,
2025,IV,Petróleo,3040.254143646409,,,,,,,,,
2025,V,Petróleo,202.1049723756906,,,,,,,,,
2025,VII/VI,Petróleo,0.0,,,,,,,,,
2025,VI,Petróleo,1586.160220994475,,,,,,,,,
2025,VII,Petróleo,1024.469613259668,,,,,,,,,
2025,IX,Petróleo,154.0497237569061,,,,,,,,,
2025,X,Petróleo,7962.005524861878,,,,,,,,,
2025,XIII,Petróleo,929.5635359116022,,,,,,,,,
2025,XV,Petróleo,17.87845303867403,,,,,,,,,
2025,XX,Petróleo,9.486187845303867,,,,,,,,,
2025,Z-69,Petróleo,3554.707182320442,,,,,,,,,
2025,Z-6,Petróleo,0.0,,,,,,,,,
2025,Z-1,Petróleo,648.3701657458563,,,,,,,,,
2025,192,Petróleo,0.0,,,,,,,,,
2025,8,Petróleo,2750.745856353591,,,,,,,,,
2025,67,Petróleo,0.0,,,,,,,,,
2025,95,Petróleo,21223.08287292818,,,,,,,,,
2025,131,Petróleo,531.5911602209944,,,,,,,,,
2025,Z-69,LGN,689.1767955801105,,,,,,,,,
2025,31-C,LGN,24.38121546961326,,,,,,,,,
2025,88,LGN,46615.4364640884,,,,,,,,,
2025,57,LGN,14135.06629834254,,,,,,,,,
2025,56,LGN,9873.038674033149,,,,,,,,,
2025,I,Gas,2.429683809944752,,,,,,,,,
2025,II,Gas,1.127378376243094,,,,,,,,,
2025,III,Gas,2.292742701657458,,,,,,,,,
2025,IV,Gas,3.091749033701658,,,,,,,,,
2025,VII/VI,Gas,0.0,,,,,,,,,
2025,VI,Gas,2.935353255801104,,,,,,,,,
2025,X,Gas,12.08666298342541,,,,,,,,,
2025,XIII,Gas,25.8578901878453,,,,,,,,,
2025,Z-69,Gas,8.248463341436462,,,,,,,,,
2025,88,Gas,732.3215022574586,,,,,,,,,
2025,56,Gas,251.3266851342541,,,,,,,,,
2025,57,Gas,229.2251118292818,,,,,,,,,
2025,31-C,Gas,3.108784108287292,,,,,,,,,
2021,8,,,,0.0,0.0,,,,,,
2022,8,,,,0.0,0.0,,,,,,
2023,8,,,,0.0,0.0,,,,,,
2024,8,,,,0.42211454,0.47022494,,,,,,
2025,8,,,,4.84700474,3.86974435,,,,,,
2021,56,,,,450.807198969999,226.54962472,,,,,,
2022,56,,,,695.48390933,339.2406331699999,,,,,,
2023,56,,,,304.46400276,156.117920009999,,,,,,
2024,56,,,,257.05929904,129.13762349,,,,,,
2025,56,,,,129.73913018,44.68389915,,,,,,
2021,57,,,,43.21996684,20.60124467999999,,,,,,
2022,57,,,,85.65450627,43.9610406,,,,,,
2023,57,,,,47.31452988000001,28.60128722,,,,,,
2024,57,,,,56.36749809999999,27.55410472,,,,,,
2025,57,,,,33.42641986,12.51385595,,,,,,
2021,67,,,0.0,3.5564111,3.69949306,,,,,,
2022,67,,,0.0,4.24300951999999,4.41400814,,,,,,
2023,67,,,0.0,0.14443881,0.146528109999999,,,,,,
2024,67,,,0.0,0.0,-0.00122129,,,,,,
2025,67,,,0.0,0.0,0.0,,,,,,
2021,88,,,,565.05505349,283.370385769999,,,,,,
2022,88,,,,742.054629499999,370.078782479999,,,,,,
2023,88,,,,595.45864738,302.5484930800001,,,,,,
2024,88,,,,619.46576845,310.5473808699991,,,,,,
2025,88,,,,286.63202136,96.25655572999999,,,,,,
2021,95,,,,10.2522614299999,33.40965921,,,,,,
2022,95,,,,22.8618099799999,65.07926855999979,,,,,,
2023,95,,,,21.29164948,58.90184623,,,,,,
2024,95,,,,27.34274478,71.9571111,,,,,,
2025,95,,,,15.10942449,26.94978401,,,,,,
2021,131,,,,7.38543376,4.710133320000001,,,,,,
2022,131,,,,9.54705969999999,6.085017980000001,,,,,,
2023,131,,,,5.339542649999999,3.40454278,,,,,,
2024,131,,,,4.55421155,2.90201559,,,,,,
2025,131,,,,1.358711,0.6500714599999999,,,,,,
2021,192,,,0.0,6.96408921,1.02702324,,,,,,
2022,192,,,0.0,0.0,0.0,,,,,,
2023,192,,,10.99431421,0.0,0.0,,,,,,
2024,192,,,11.62998458,0.0,0.0,,,,,,
2025,192,,,2.53087255,0.0,0.0,,,,,,
2021, I,,,,3.413110840000001,,,,,,,
2022, I,,,,3.87279499,,,,,,,
2023, I,,,,3.43692661,,,,,,,
2024, I,,,,3.97790834,,,,,,,
2025, I,,,,1.75235171,,,,,,,
2021, II ,,,,4.36206197,,,,,,,
2022, II ,,,,6.4935594,,,,,,,
2023, II ,,,,4.94870831,,,,,,,
2024, II ,,,,4.9041351,,,,,,,
2025, II ,,,,1.88679784,,,,,,,
2021, III ,,,,5.717731730000001,,,,,,,
2022, III ,,,,10.29335877,,,,,,,
2023, III ,,,,23.32498094,,,,,,,
2024, III ,,,,23.54231066,,,,,,,
2025, III ,,,,12.28493914,,,,,,,
2021, IV ,,,,21.6533929999999,,,,,,,
2022, IV ,,,,40.01657121,,,,,,,
2023, IV ,,,,36.29637312000001,,,,,,,
2024, IV ,,,,36.90284803,,,,,,,
2025, IV ,,,,18.50965536,,,,,,,
2021, IX,,,,1.48202103,,,,,,,
2022, IX,,,,2.26648512,,,,,,,
2023, IX,,,,1.95918986,,,,,,,
2024, IX,,,,1.89647592,,,,,,,
2025, IX,,,,0.77996126,,,,,,,
2021, X ,,,,83.08505148999998,,,,,,,
2022, X ,,,,146.77162223,,,,,,,
2023, X ,,,,95.03383828000001,,,,,,,
2024, X ,,,,82.03427352,,,,,,,
2025, X ,,,,34.05501501,,,,,,,
2021, XIII ,,,,10.69658797,,,,,,,
2022, XIII ,,,,22.36968052,,,,,,,
2023, XIII ,,,,17.71910989,,,,,,,
2024, XIII ,,,,16.0360207,,,,,,,
2025, XIII ,,,,6.720095420000001,,,,,,,
2021, XV ,,,,0.28901539,,,,,,,
2022, XV ,,,,0.38617518,,,,,,,
2023, XV ,,,,0.28591382,,,,,,,
2024, XV ,,,,0.23495005,,,,,,,
2025, XV ,,,,0.09214459,,,,,,,
2021, XX ,,,,0.0563658599999999,,,,,,,
2022, XX ,,,,0.0750061399999999,,,,,,,
2023, XX ,,,,0.06272768000000001,,,,,,,
2024, XX ,,,,0.07363092,,,,,,,
2025, XX ,,,,0.02484986,,,,,,,
2021, Z-1 ,,,,0.0,,,,,,,
2022, Z-1 ,,,,0.0,,,,,,,
2023, Z-1 ,,,,0.0,,,,,,,
2024, Z-1 ,,,,0.7165927900000001,,,,,,,
2025, Z-1 ,,,,0.42068616,,,,,,,
2021, Z-6 ,,,,0.0,,,,,,,
2022, Z-6 ,,,,0.0,,,,,,,
2023, Z-6 ,,,,0.0,,,,,,,
2024, Z-6 ,,,,0.0,,,,,,,
2025, Z-6 ,,,,0.0,,,,,,,
2021, Z-69,,,,28.52717983999996,,,,,,,
2022, Z-69,,,,35.98818557999996,,,,,,,
2023, Z-69,,,,26.80931480999996,,,,,,,
2024, Z-69,,,,34.29163163999999,,,,,,,
2025, Z-69,,,,11.1171233,,,,,,,
2021,107,,,1.24537511,,,,,,,,
2022,107,,,1.32351571,,,,,,,,
2023,107,,,1.42580012,,,,,,,,
2024,107,,,1.42165509,,,,,,,,
2025,107,,,0.33827871,,,,,,,,
2021,131,,,0.0,,,,,,,,
2022,131,,,0.0,,,,,,,,
2023,131,,,0.0,,,,,,,,
2024,131,,,0.0,,,,,,,,
2025,131,,,0.48611417,,,,,,,,
2021,31-C,,,7.99598961,5.54750706,2.463117469999999,,,,,,
2022,31-C,,,6.05394151,9.03913851,3.57185759999999,,,,,,
2023,31-C,,,5.03619295,8.82488943,3.643142299999999,,,,,,
2024,31-C,,,3.012531399999999,4.98183154,2.0168849,,,,,,
2025,31-C,,,0.11814574,1.03006043,0.33575894,,,,,,
2021,39,,,0.0,,,,,,,,
2022,39,,,0.0,,,,,,,,
2023,39,,,0.0,,,,,,,,
2024,39,,,0.0,,,,,,,,
2025,39,,,0.0,,,,,,,,
2021,56,,,21.41544431,,,,,,,,
2022,56,,,26.0599521,,,,,,,,
2023,56,,,48.33365227,,,,,,,,
2024,56,,,169.37503835,,,,,,,,
2025,56,,,40.2641929,,,,,,,,
2021,57,,,2.65028707,,,,,,,,
2022,57,,,25.80514071,,,,,,,,
2023,57,,,11.22153692,,,,,,,,
2024,57,,,24.94133079,,,,,,,,
2025,57,,,16.70799415,,,,,,,,
2021,58,,,28.38745787,,,,,,,,
2022,58,,,10.60624276,,,,,,,,
2023,58,,,9.540172980000001,,,,,,,,
2024,58,,,10.55452416,,,,,,,,
2025,58,,,2.39478854,,,,,,,,
2021,64,,,0.23137875,,,,,,,,
2022,64,,,0.6520958499999999,,,,,,,,
2023,64,,,2.16248062,,,,,,,,
2024,64,,,1.85920164,,,,,,,,
2025,64,,,0.70111793,,,,,,,,
2021,8,,,1.21017407,,,,,,,,
2022,8,,,0.0,,,,,,,,
2023,8,,,0.0,,,,,,,,
2024,8,,,0.0,,,,,,,,
2025,8,,,0.0,,,,,,,,
2021,88,,,79.45193987,,,,,,,,
2022,88,,,55.43775665,,,,,,,,
2023,88,,,60.28479316,,,,,,,,
2024,88,,,69.3327664,,,,,,,,
2025,88,,,12.60800302,,,,,,,,
2021,95,,,80.26317586,,,,,,,,
2022,95,,,93.07718577,,,,,,,,
2023,95,,,105.37009984,,,,,,,,
2024,95,,,157.35830297,,,,,,,,
2025,95,,,29.14237952,,,,,,,,
2021,Ajustes Periodos Anteriors,,,,,0.4386507600000002,,,,,,
2022,Ajustes Periodos Anteriors,,,,,7.230709800000001,,,,,,
2023,Ajustes Periodos Anteriors,,,,,-2.29144634,,,,,,
2024,Ajustes Periodos Anteriors,,,,,-0.48716478,,,,,,
2025,Ajustes Periodos Anteriors,,,,,0.02930862999999907,,,,,,
2021,I,,,-2.5040691,,3.41069356,,,,,,
2022,I,,,0.0,,3.871169189999999,,,,,,
2023,I,,,0.0,,3.32245598,,,,,,
2024,I,,,0.0,,3.39690066999999,,,,,,
2025,I,,,0.0,,1.165374209999999,,,,,,
2021,II,,,0.0,,1.95932834,,,,,,
2022,II,,,0.0,,3.0562119,,,,,,
2023,II,,,0.0,,2.389968549999999,,,,,,
2024,II,,,0.0,,2.338113219999999,,,,,,
2025,II,,,0.0,,0.61056118,,,,,,
2021,III,,,2.9940404,,2.45979325999999,,,,,,
2022,III,,,19.5579135,,3.89891311999999,,,,,,
2023,III,,,23.90146633,,9.08444027,,,,,,
2024,III,,,23.25749531,,8.91261538,,,,,,
2025,III,,,9.901562199999999,,3.39366516,,,,,,
2021,IV,,,9.87738173,,9.282866979999998,,,,,,
2022,IV,,,27.99481871,,15.56156968,,,,,,
2023,IV,,,18.12931091,,14.30200445,,,,,,
2024,IV,,,21.76863234,,14.0655320599999,,,,,,
2025,IV,,,8.295565609999999,,4.940168569999999,,,,,,
2021,IX,,,0.0359223,,0.7288033,,,,,,
2022,IX,,,0.08032268,,0.97541478,,,,,,
2023,IX,,,0.11836197,,0.856993039999999,,,,,,
2024,IX,,,0.29757085,,0.83930872,,,,,,
2025,IX,,,0.32968028,,0.24894467,,,,,,
2021,V,,,0.2389857,0.59132611,0.44209466,,,,,,
2022,V,,,0.21541614,0.94662932,0.67019823,,,,,,
2023,V,,,-0.12529805,0.5770800899999999,0.43388466,,,,,,
2024,V,,,0.67508897,0.63792442,0.5981433,,,,,,
2025,V,,,0.469686,0.45505437,0.33848076,,,,,,
2021,VI,,,0.0,0.0,0.0,,,,,,
2022,VI,,,0.0,0.0,0.0,,,,,,
2023,VI,,,0.0,2.16504106,2.25695428,,,,,,
2024,VI,,,0.0,15.07020038,10.68849062999999,,,,,,
2025,VI,,,0.0,5.52419467,2.93776869,,,,,,
2021,VII,,,0.0,0.0,0.0,,,,,,
2022,VII,,,0.0,0.0,0.0,,,,,,
2023,VII,,,0.11607422,1.16965069,0.87640653,,,,,,
2024,VII,,,8.89556436,6.67011416,5.2495163,,,,,,
2025,VII,,,1.08826435,2.2772599,1.69810575,,,,,,
2021,VII/VI,,,19.73383136,28.34289197,19.19061351,,,,,,
2022,VII/VI,,,0.3,41.90265022,23.11744083,,,,,,
2023,VII/VI,,,0.0,21.54606112,12.92211734,,,,,,
2024,VII/VI,,,0.0,0.18349761,0.1046287399999999,,,,,,
2025,VII/VI,,,0.0,0.0,0.0,,,,,,
2021,X,,,41.77977009,,59.11680128999988,,,,,,
2022,X,,,25.3013199,,75.2549777499999,,,,,,
2023,X,,,5.222851490000001,,57.20113009999999,,,,,,
2024,X,,,3.70098315,,45.68045144999998,,,,,,
2025,X,,,3.320438,,14.04275572,,,,,,
2021,XIII,,,7.582294779999999,,7.572974829999991,,,,,,
2022,XIII,,,16.52616211,,14.65264016999999,,,,,,
2023,XIII,,,20.67581442,,12.79017289,,,,,,
2024,XIII,,,15.41288702,,11.84638998,,,,,,
2025,XIII,,,1.96163495,,3.46295999,,,,,,
2021,XV,,,0.0,,0.1386899499999989,,,,,,
2022,XV,,,0.0,,0.18486606,,,,,,
2023,XV,,,0.0,,0.13772256,,,,,,
2024,XV,,,0.0,,0.1102122099999999,,,,,,
2025,XV,,,0.0,,0.02979445,,,,,,
2021,XX,,,0.02482075,,0.0544643299999999,,,,,,
2022,XX,,,0.0,,0.06657333999999991,,,,,,
2023,XX,,,0.0,,0.05617780999999999,,,,,,
2024,XX,,,0.0,,0.06602496,,,,,,
2025,XX,,,0.0,,0.01618949999999989,,,,,,
2021,XXI,,,0.22472734,,,,,,,,
2022,XXI,,,0.07238786999999999,,,,,,,,
2023,XXI,,,0.0,,,,,,,,
2024,XXI,,,0.0,,,,,,,,
2025,XXI,,,0.0,,,,,,,,
2021,XXIII,,,0.042,,,,,,,,
2022,XXIII,,,0.042,,,,,,,,
2023,XXIII,,,0.337411,,,,,,,,
2024,XXIII,,,1.684364,,,,,,,,
2025,XXIII,,,0.167436,,,,,,,,
2021,Z-1,,,0.77895892,,0.0,,,,,,
2022,Z-1,,,0.13849481,,0.0,,,,,,
2023,Z-1,,,0.74309972,,0.0,,,,,,
2024,Z-1,,,2.96606529,,2.6864742,,,,,,
2025,Z-1,,,0.003549,,1.57690681,,,,,,
2021,Z-38,,,0.264199,,,,,,,,
2022,Z-38,,,0.0,,,,,,,,
2023,Z-38,,,0.0,,,,,,,,
2024,Z-38,,,0.0,,,,,,,,
2025,Z-38,,,0.0,,,,,,,,
2021,Z-6,,,0.0,,0.0,,,,,,
2022,Z-6,,,0.0,,0.0,,,,,,
2023,Z-6,,,0.0,,0.0,,,,,,
2024,Z-6,,,0.0,,0.0,,,,,,
2025,Z-6,,,0.0,,0.0,,,,,,
2021,Z-61,,,0.093699,,,,,,,,
2022,Z-61,,,0.283186,,,,,,,,
2023,Z-61,,,0.170064,,,,,,,,
2024,Z-61,,,10.471867,,,,,,,,
2025,Z-61,,,0.391232,,,,,,,,
2021,Z-62,,,0.09367,,,,,,,,
2022,Z-62,,,0.283119,,,,,,,,
2023,Z-62,,,0.170015,,,,,,,,
2024,Z-62,,,15.079733,,,,,,,,
2025,Z-62,,,1.794033,,,,,,,,
2021,Z-63,,,0.09367,,,,,,,,
2022,Z-63,,,0.283119,,,,,,,,
2023,Z-63,,,0.170015,,,,,,,,
2024,Z-63,,,10.41015,,,,,,,,
2025,Z-63,,,0.391826,,,,,,,,
2021,Z-64,,,0.22043416,,,,,,,,
2022,Z-64,,,0.0,,,,,,,,
2023,Z-64,,,0.0,,,,,,,,
2024,Z-64,,,0.0,,,,,,,,
2025,Z-64,,,0.0,,,,,,,,
2021,Z-67,,,0.4660326100000001,,,,,,,,
2022,Z-67,,,0.0,,,,,,,,
2023,Z-67,,,0.0,,,,,,,,
2024,Z-67,,,0.0,,,,,,,,
2025,Z-67,,,0.0,,,,,,,,
2021,Z-68,,,0.4556332700000001,,,,,,,,
2022,Z-68,,,0.0,,,,,,,,
2023,Z-68,,,0.0,,,,,,,,
2024,Z-68,,,0.0,,,,,,,,
2025,Z-68,,,0.0,,,,,,,,
2021,Z-69,,,7.462668970000001,,36.58468801999998,,,,,,
2022,Z-69,,,15.67967701,,46.80988041999988,,,,,,
2023,Z-69,,,0.007312,,35.15201464,,,,,,
2024,Z-69,,,0.0,,29.42261547999998,,,,,,
2025,Z-69,,,0.0,,7.259103969999989,,,,,,
2023,I,Petróleo,,,,,4668.7,186.5,64.6,4919.8,1153.3,19057.5
2023,II,Petróleo,,,,,3233.6,0,0,3233.6,6863.2,0
2023,III,Petróleo,,,,,13668.3,8979,6992.3,29639.6,833,24894.8
2023,IV,Petróleo,,,,,16127.400000000001,5888.5,4843.9,26859.800000000003,891,2716
2023,V,Petróleo,,,,,1672.7327129999996,803.3,1174.8,3650.832713,0,3139.1
2023,VII/VI,Petróleo,,,,,-,-,-,-,-,-
2023,VI,Petróleo,,,,,6864.4,0,0,6864.4,10647,0
2023,VII,Petróleo,,,,,11996.2,0,0,11996.2,0,550
2023,IX,Petróleo,,,,,1158.2,0,0,1158.2,1773.5,3165.4
2023,X,Petróleo,,,,,39994.1,0,0,39994.1,8657,9400
2023,XIII,Petróleo,,,,,5159.6,1160.6,677.4,6997.6,1456.6,37987
2023,XV,Petróleo,,,,,208.8,0,0,208.8,3231.3,0
2023,XX,Petróleo,,,,,216.7,272,0,488.7,341.4,0
2023,Z-69,Petróleo,,,,,7797.8,3249.6,3293.7,14341.099999999999,31360.8,40584.6
2023,Z-6,Petróleo,,,,,0,0,0,0,2020,59700
2023,Z-1,Petróleo,,,,,2318.8,67.9,58.7,2445.4,0,0
2023,8,Petróleo,,,,,0,0,0,0,22059,0
2023,67,Petróleo,,,,,0,0,0,0,162839.2,0
2023,95,Petróleo,,,,,47994.600000000006,52182.9,99447.8,199625.3,0,45000
2023,131,Petróleo,,,,,481.0271728154751,674.2,281.4,1436.6271728154752,0,0
2023,Z-69,LGN,,,,,1083.7,558.4,301,1943.1,2898.1,0
2023,31-C,LGN,,,,,482.1,95.5,107.8,685.4,0,52600
2023,88,LGN,,,,,239172.2,41468.1,33768.3,314408.6,28432,0
2023,57,LGN,,,,,59117.2,14278.4,16922.4,90318,0,0
2023,56,LGN,,,,,48637.7,11134.1,9310.5,69082.29999999999,23056,0
2023,I,Gas,,,,,27,1.2,0.4,28.599999999999998,7.15,93.9
2023,II,Gas,,,,,18,0,0,18,17.86,0
2023,III,Gas,,,,,34.9,22.2,17.3,74.39999999999999,1.56,8.71
2023,IV,Gas,,,,,26,8.6,7.4,42,1.06,13.38
2023,VII/VI,Gas,,,,,,,,0,,
2023,VI,Gas,,,,,11.7,0,0,11.7,24.21,0
2023,X,Gas,,,,,63.3,0,0,63.3,7.17,0
2023,XIII,Gas,,,,,121.9,22.9,19.8,164.60000000000002,77.9,976.2
2023,Z-69,Gas,,,,,10.7,7,4.1,21.799999999999997,28.73,8.81
2023,88,Gas,,,,,5624.5,740.7,654.7,7019.9,539.9,987
2023,56,Gas,,,,,815.9000000000001,181.1,147.1,1144.1000000000001,329.05,370
2023,57,Gas,,,,,1062.6,235.4,376.1,1674.1,0,0
2023,31-C,Gas,,,,,60,0,20.7,80.7,0,671.6
2023,39,Petróleo,,,,,0,0,0,0,134180,0
2023,64,Petróleo,,,,,35134.1,29589.7,134258.7,198982.5,43769,342800
2023,192,Petróleo,,,,,126209,0,0,126209,26832.3,0
2023,31-C,Petróleo,,,,,0,0,0,0,0,0
2023,56,Petróleo,,,,,0,0,0,0,0,0
2023,57,Petróleo,,,,,0,0,0,0,0,0
2023,58,Petróleo,,,,,0,0,0,0,0,0
2023,88,Petróleo,,,,,0,0,0,0,0,0
2023,Z-61,Petróleo,,,,,0,0,0,0,0,1426225.5
2023,Z-62,Petróleo,,,,,0,0,0,0,0,611404.2
2023,Z-63,Petróleo,,,,,0,0,0,0,0,395502
2023,XXIII,Petróleo,,,,,0,0,0,0,0,69078.5
2023,XXVII,Petróleo,,,,,0,0,0,0,0,6510
2023,107,Petróleo,,,,,0,0,0,0,0,310000
2023,NO OPERADAS,Petróleo,,,,,0,0,0,0,6540,29863420
2023,Z-1,LGN,,,,,0,0,0,0,0,0
2023,Z-6,LGN,,,,,0,0,0,0,0,0
2023,I,LGN,,,,,0,0,0,0,0,0
2023,II,LGN,,,,,0,0,0,0,0,0
2023,III,LGN,,,,,0,0,0,0,0,0
2023,IV,LGN,,,,,0,0,0,0,0,0
2023,V,LGN,,,,,0,0,0,0,0,0
2023,VI,LGN,,,,,0,0,0,0,0,0
2023,VII,LGN,,,,,0,0,0,0,0,0
2023,IX,LGN,,,,,0,0,0,0,0,0
2023,X,LGN,,,,,0,0,0,0,0,0
2023,XIII,LGN,,,,,0,0,0,0,0,0
2023,XV,LGN,,,,,0,0,0,0,0,0
2023,XX,LGN,,,,,0,0,0,0,0,0
2023,8,LGN,,,,,0,0,0,0,0,0
2023,39,LGN,,,,,0,0,0,0,0,0
2023,64,LGN,,,,,0,0,0,0,0,0
2023,67,LGN,,,,,0,0,0,0,0,0
2023,95,LGN,,,,,0,0,0,0,0,0
2023,192,LGN,,,,,0,0,0,0,0,0
2023,131,LGN,,,,,0,0,0,0,0,0
2023,58,LGN,,,,,0,0,0,0,112189.3,60438.8
2023,Z-61,LGN,,,,,0,0,0,0,0,0
2023,Z-62,LGN,,,,,0,0,0,0,0,0
2023,Z-63,LGN,,,,,0,0,0,0,0,0
2023,XXIII,LGN,,,,,0,0,0,0,0,0
2023,XXVII,LGN,,,,,0,0,0,0,0,0
2023,107,LGN,,,,,0,0,0,0,0,0
2023,NO OPERADAS,LGN,,,,,0,0,0,0,137000,414950
2023,Z-1,Gas,,,,,0,0,0,0,0,0
2023,Z-6,Gas,,,,,0,0,0,0,22.1,45.49
2023,V,Gas,,,,,0,0,0,0,0,11.61
2023,VII,Gas,,,,,0,0,0,0,0,0
2023,IX,Gas,,,,,0,0,0,0,0,0
2023,XV,Gas,,,,,0,0,0,0,50.72,0
2023,XX,Gas,,,,,0,0,0,0,2.2,0
2023,8,Gas,,,,,0,0,0,0,0,0
2023,39,Gas,,,,,0,0,0,0,0,0
2023,64,Gas,,,,,0,0,0,0,0,0
2023,67,Gas,,,,,0,0,0,0,0,0
2023,95,Gas,,,,,0,0,0,0,0,0
2023,192,Gas,,,,,0,0,0,0,0,0
2023,131,Gas,,,,,0,0,0,0,0,0
2023,58,Gas,,,,,0,0,0,0,3134.3,1514.76
2023,Z-61,Gas,,,,,0,0,0,0,0,0
2023,Z-62,Gas,,,,,0,0,0,0,0,0
2023,Z-63,Gas,,,,,0,0,0,0,0,0
2023,XXIII,Gas,,,,,0,0,0,0,136.748,796.5
2023,XXVII,Gas,,,,,0,0,0,0,0,0
2023,107,Gas,,,,,0,0,0,0,0,0
2023,NO OPERADAS,Gas,,,,,0,0,0,0,2529.1,37737.45
